{"cameraMode":{"drawMode":0,"name":"Shaded","section":"Shading Mode"},"sceneLighting":true,"audioPlay":false,"sceneViewState":{"m_AlwaysRefresh":false,"showFog":true,"showSkybox":true,"showFlares":true,"showImageEffects":true,"showParticleSystems":true,"showVisualEffectGraphs":true,"m_FxEnabled":true},"in2DMode":false,"pivot":{"x":2.9923670291900636,"y":2.9775450229644777,"z":-102.73139190673828},"rotation":{"x":-0.18383167684078217,"y":0.23741023242473603,"z":-0.045399777591228488,"w":-0.9526416063308716},"size":1.2247449159622193,"orthographic":false}