{"cameraMode":{"drawMode":0,"name":"Shaded","section":"Shading Mode"},"sceneLighting":true,"audioPlay":false,"sceneViewState":{"m_AlwaysRefresh":false,"showFog":true,"showSkybox":true,"showFlares":true,"showImageEffects":true,"showParticleSystems":true,"showVisualEffectGraphs":true,"m_FxEnabled":true},"in2DMode":false,"pivot":{"x":45.06782913208008,"y":-119.21440887451172,"z":269.98419189453127},"rotation":{"x":-0.2414478063583374,"y":-0.08441022038459778,"z":0.020828720182180406,"w":-0.9664177298545837},"size":180.0286407470703,"orthographic":false}