{"cameraMode":{"drawMode":0,"name":"Shaded","section":"Shading Mode"},"sceneLighting":true,"audioPlay":false,"sceneViewState":{"m_AlwaysRefresh":false,"showFog":true,"showSkybox":true,"showFlares":true,"showImageEffects":true,"showParticleSystems":true,"showVisualEffectGraphs":true,"m_FxEnabled":true},"in2DMode":false,"pivot":{"x":12.294368743896485,"y":23.283588409423829,"z":10.41657829284668},"rotation":{"x":0.1000787615776062,"y":0.6640568375587463,"z":-0.09043105691671372,"w":0.7353187799453735},"size":48.067649841308597,"orthographic":false}