{"cameraMode":{"drawMode":0,"name":"Shaded","section":"Shading Mode"},"sceneLighting":true,"audioPlay":false,"sceneViewState":{"m_AlwaysRefresh":false,"showFog":true,"showSkybox":true,"showFlares":true,"showImageEffects":true,"showParticleSystems":true,"showVisualEffectGraphs":true,"m_FxEnabled":true},"in2DMode":false,"pivot":{"x":9.662247657775879,"y":-13.275516510009766,"z":-55.05171203613281},"rotation":{"x":-0.29779186844825747,"y":-0.009458261542022229,"z":0.0029477530624717476,"w":-0.954561710357666},"size":52.472862243652347,"orthographic":false}