{"cameraMode":{"drawMode":0,"name":"Shaded","section":"Shading Mode"},"sceneLighting":true,"audioPlay":false,"sceneViewState":{"m_AlwaysRefresh":false,"showFog":true,"showSkybox":true,"showFlares":true,"showImageEffects":true,"showParticleSystems":true,"showVisualEffectGraphs":true,"m_FxEnabled":true},"in2DMode":false,"pivot":{"x":23.508846282958986,"y":170.1563720703125,"z":201.0215606689453},"rotation":{"x":-0.007733583450317383,"y":0.9844903945922852,"z":-0.15988560020923615,"w":-0.07068965584039688},"size":59.560726165771487,"orthographic":false}