{"cameraMode":{"drawMode":0,"name":"Shaded","section":"Shading Mode"},"sceneLighting":true,"audioPlay":false,"sceneViewState":{"m_AlwaysRefresh":false,"showFog":true,"showSkybox":true,"showFlares":true,"showImageEffects":true,"showParticleSystems":true,"showVisualEffectGraphs":true,"m_FxEnabled":true},"in2DMode":false,"pivot":{"x":-24.410419464111329,"y":-56.576026916503909,"z":59.912696838378909},"rotation":{"x":-0.17323651909828187,"y":0.07892262935638428,"z":-0.012923992238938809,"w":-0.9815133810043335},"size":87.58053588867188,"orthographic":false}