{"cameraMode":{"drawMode":0,"name":"Shaded","section":"Shading Mode"},"sceneLighting":true,"audioPlay":false,"sceneViewState":{"m_AlwaysRefresh":false,"showFog":true,"showSkybox":true,"showFlares":true,"showImageEffects":true,"showParticleSystems":true,"showVisualEffectGraphs":true,"m_FxEnabled":true},"in2DMode":false,"pivot":{"x":-46.489593505859378,"y":-3.580923080444336,"z":-0.4367561340332031},"rotation":{"x":0.01744604855775833,"y":-0.8421024084091187,"z":0.027293425053358079,"w":0.5383318066596985},"size":52.472862243652347,"orthographic":false}