{"cameraMode":{"drawMode":0,"name":"Shaded","section":"Shading Mode"},"sceneLighting":true,"audioPlay":false,"sceneViewState":{"m_AlwaysRefresh":false,"showFog":true,"showSkybox":true,"showFlares":true,"showImageEffects":true,"showParticleSystems":true,"showVisualEffectGraphs":true,"m_FxEnabled":true},"in2DMode":false,"pivot":{"x":456.58428955078127,"y":-71.70372009277344,"z":83.14378356933594},"rotation":{"x":0.07041522115468979,"y":0.5790801048278809,"z":-0.050941742956638339,"w":0.8104746341705322},"size":254.56039428710938,"orthographic":false}