{"cameraMode":{"drawMode":0,"name":"Shaded","section":"Shading Mode"},"sceneLighting":true,"audioPlay":false,"sceneViewState":{"m_AlwaysRefresh":false,"showFog":true,"showSkybox":true,"showFlares":true,"showImageEffects":true,"showParticleSystems":true,"showVisualEffectGraphs":true,"m_FxEnabled":true},"in2DMode":false,"pivot":{"x":-36.92752456665039,"y":-10.706466674804688,"z":-12.15183162689209},"rotation":{"x":-0.07108356803655625,"y":0.21724899113178254,"z":-0.015868589282035829,"w":-0.9733743071556091},"size":52.472862243652347,"orthographic":false}