{"cameraMode":{"drawMode":0,"name":"Shaded","section":"Shading Mode"},"sceneLighting":true,"audioPlay":false,"sceneViewState":{"m_AlwaysRefresh":false,"showFog":true,"showSkybox":true,"showFlares":true,"showImageEffects":true,"showParticleSystems":true,"showVisualEffectGraphs":true,"m_FxEnabled":true},"in2DMode":false,"pivot":{"x":38.99526596069336,"y":124.50151824951172,"z":-102.43875885009766},"rotation":{"x":-0.4992069900035858,"y":0.13396713137626649,"z":-0.07845046371221543,"w":-0.8523874282836914},"size":11.754742622375489,"orthographic":false}